algorithm,execution_time,peak_memory_usage,nodes_explored,path_length
BFS,0.00011801719665527344,4396,34,11
DFS,0.00017189979553222656,4596,28,27
GBFS,0.00027871131896972656,2605,13,13
AS,0.00044989585876464844,4723,20,11
IDDFS,0.0002460479736328125,3088,169,13
