algorithm,execution_time,peak_memory_usage,nodes_explored,path_length
BFS,0.0004017353057861328,22632,223,29
DFS,0.0001938343048095703,5592,30,29
GBFS,0.0005750656127929688,7505,29,29
AS,0.012108802795410156,34832,222,29
IDDFS,0.002373933792114258,22120,30,29
IDAS,0.0003628730773925781,5904,29,29
