algorithm,execution_time,peak_memory_usage,nodes_explored,path_length
BFS,0.0001461505889892578,4052,29,19
DFS,0.00015211105346679688,4124,20,19
GBFS,0.0003478527069091797,4717,19,19
AS,0.0006999969482421875,4139,28,19
IDDFS,0.0003421306610107422,3910,236,19
