algorithm,execution_time,peak_memory_usage,nodes_explored,path_length
BFS,0.00011897087097167969,4452,34,11
DFS,0.00017499923706054688,4596,28,27
GBFS,0.0002899169921875,2605,13,13
AS,0.0004448890686035156,4723,20,11
IDDFS,5.316734313964844e-05,896,32,0
IDAS,0.00021004676818847656,2536,21,11
