algorithm,execution_time,peak_memory_usage,nodes_explored,path_length
IDDFS,0.0010559558868408203,5112,633,19
IDDFS,0.00022077560424804688,2944,146,11
IDDFS,7.176399230957031e-05,1222,21,5
IDDFS,0.008059024810791016,44952,5261,39
IDDFS,0.0001499652862548828,2704,79,7
