algorithm,execution_time,peak_memory_usage,nodes_explored,path_length
BFS,0.0001289844512939453,4396,34,11
DFS,0.00017213821411132812,4596,28,27
GBFS,0.00028014183044433594,2605,13,13
AS,0.0004410743713378906,4723,20,11
IDDFS,0.0002448558807373047,3088,169,13
