algorithm,execution_time,peak_memory_usage,nodes_explored,path_length
BFS,0.00031495094299316406,15592,97,19
DFS,0.00019693374633789062,4188,20,19
GBFS,0.0005147457122802734,5357,19,19
AS,0.00447392463684082,20040,96,19
IDDFS,0.00040078163146972656,3088,260,0
